{"app":["/app-013b5448c0a8af7ae32d.js"],"component---src-pages-404-js":["/component---src-pages-404-js-c38efe2bb1a36e2eae85.js"],"component---src-pages-about-index-js":["/component---src-pages-about-index-js-1e2ab35ecfe220698f89.js"],"component---src-pages-case-studies-index-js":["/component---src-pages-case-studies-index-js-ea25ad0a9e3ff03a141c.js"],"component---src-pages-contact-index-js":["/component---src-pages-contact-index-js-393e7c9309b7e5126fca.js"],"component---src-pages-index-js":["/component---src-pages-index-js-4ca166605120f66c21c4.js"],"component---src-pages-news-index-js":["/component---src-pages-news-index-js-d3ef5cb08e535ff8988c.js"]}