{"app":["/app-11d9322731303892ac6d.js"],"component---src-pages-404-js":["/component---src-pages-404-js-dbfb7a160fef991e88a8.js"],"component---src-pages-about-index-js":["/component---src-pages-about-index-js-47615cbc4d2dced00639.js"],"component---src-pages-case-studies-index-js":["/component---src-pages-case-studies-index-js-6a6ca91a202bee1c524d.js"],"component---src-pages-contact-index-js":["/component---src-pages-contact-index-js-b59f45d2016473fb8b41.js"],"component---src-pages-index-js":["/component---src-pages-index-js-e8603831ae96d8f83e30.js"],"component---src-pages-news-index-js":["/component---src-pages-news-index-js-bc37034fbe4100b4b6a0.js"],"component---src-pages-privacy-index-js":["/component---src-pages-privacy-index-js-e5f8972735764531ebf4.js"]}