{"errors":[],"warnings":["./src/images/Tim-pic.JPG 1:0\nModule parse failed: Unexpected character '�' (1:0)\nYou may need an appropriate loader to handle this file type, currently no loaders are configured to process this file. See https://webpack.js.org/concepts#loaders\n(Source code omitted for this binary file)"],"namedChunkGroups":{"app":{"chunks":[9,0,2],"assets":["webpack-runtime-742805cca90b68e011ec.js","webpack-runtime-742805cca90b68e011ec.js.map","commons-dbdad7cae989726019c4.js","commons-dbdad7cae989726019c4.js.map","app-013b5448c0a8af7ae32d.js","app-013b5448c0a8af7ae32d.js.map"],"children":{},"childAssets":{}},"component---src-pages-404-js":{"chunks":[1,0,3],"assets":["styles.c8308de77d35c25ea99a.css","styles-bc95a04db1c0d9401ade.js","styles-bc95a04db1c0d9401ade.js.map","commons-dbdad7cae989726019c4.js","commons-dbdad7cae989726019c4.js.map","component---src-pages-404-js-c38efe2bb1a36e2eae85.js","component---src-pages-404-js-c38efe2bb1a36e2eae85.js.map"],"children":{},"childAssets":{}},"component---src-pages-about-index-js":{"chunks":[1,0,4],"assets":["styles.c8308de77d35c25ea99a.css","styles-bc95a04db1c0d9401ade.js","styles-bc95a04db1c0d9401ade.js.map","commons-dbdad7cae989726019c4.js","commons-dbdad7cae989726019c4.js.map","component---src-pages-about-index-js-1e2ab35ecfe220698f89.js","component---src-pages-about-index-js-1e2ab35ecfe220698f89.js.map"],"children":{},"childAssets":{}},"component---src-pages-case-studies-index-js":{"chunks":[1,0,5],"assets":["styles.c8308de77d35c25ea99a.css","styles-bc95a04db1c0d9401ade.js","styles-bc95a04db1c0d9401ade.js.map","commons-dbdad7cae989726019c4.js","commons-dbdad7cae989726019c4.js.map","component---src-pages-case-studies-index-js-ea25ad0a9e3ff03a141c.js","component---src-pages-case-studies-index-js-ea25ad0a9e3ff03a141c.js.map"],"children":{},"childAssets":{}},"component---src-pages-contact-index-js":{"chunks":[1,0,6],"assets":["styles.c8308de77d35c25ea99a.css","styles-bc95a04db1c0d9401ade.js","styles-bc95a04db1c0d9401ade.js.map","commons-dbdad7cae989726019c4.js","commons-dbdad7cae989726019c4.js.map","component---src-pages-contact-index-js-393e7c9309b7e5126fca.js","component---src-pages-contact-index-js-393e7c9309b7e5126fca.js.map"],"children":{},"childAssets":{}},"component---src-pages-index-js":{"chunks":[1,0,7],"assets":["styles.c8308de77d35c25ea99a.css","styles-bc95a04db1c0d9401ade.js","styles-bc95a04db1c0d9401ade.js.map","commons-dbdad7cae989726019c4.js","commons-dbdad7cae989726019c4.js.map","component---src-pages-index-js-4ca166605120f66c21c4.js","component---src-pages-index-js-4ca166605120f66c21c4.js.map"],"children":{},"childAssets":{}},"component---src-pages-news-index-js":{"chunks":[1,0,8],"assets":["styles.c8308de77d35c25ea99a.css","styles-bc95a04db1c0d9401ade.js","styles-bc95a04db1c0d9401ade.js.map","commons-dbdad7cae989726019c4.js","commons-dbdad7cae989726019c4.js.map","component---src-pages-news-index-js-d3ef5cb08e535ff8988c.js","component---src-pages-news-index-js-d3ef5cb08e535ff8988c.js.map"],"children":{},"childAssets":{}}},"assetsByChunkName":{"app":["webpack-runtime-742805cca90b68e011ec.js","commons-dbdad7cae989726019c4.js","app-013b5448c0a8af7ae32d.js"],"component---src-pages-404-js":["styles.c8308de77d35c25ea99a.css","styles-bc95a04db1c0d9401ade.js","commons-dbdad7cae989726019c4.js","component---src-pages-404-js-c38efe2bb1a36e2eae85.js"],"component---src-pages-about-index-js":["styles.c8308de77d35c25ea99a.css","styles-bc95a04db1c0d9401ade.js","commons-dbdad7cae989726019c4.js","component---src-pages-about-index-js-1e2ab35ecfe220698f89.js"],"component---src-pages-case-studies-index-js":["styles.c8308de77d35c25ea99a.css","styles-bc95a04db1c0d9401ade.js","commons-dbdad7cae989726019c4.js","component---src-pages-case-studies-index-js-ea25ad0a9e3ff03a141c.js"],"component---src-pages-contact-index-js":["styles.c8308de77d35c25ea99a.css","styles-bc95a04db1c0d9401ade.js","commons-dbdad7cae989726019c4.js","component---src-pages-contact-index-js-393e7c9309b7e5126fca.js"],"component---src-pages-index-js":["styles.c8308de77d35c25ea99a.css","styles-bc95a04db1c0d9401ade.js","commons-dbdad7cae989726019c4.js","component---src-pages-index-js-4ca166605120f66c21c4.js"],"component---src-pages-news-index-js":["styles.c8308de77d35c25ea99a.css","styles-bc95a04db1c0d9401ade.js","commons-dbdad7cae989726019c4.js","component---src-pages-news-index-js-d3ef5cb08e535ff8988c.js"]}}