{"errors":[],"warnings":["./src/images/Tim-pic.JPG 1:0\nModule parse failed: Unexpected character '�' (1:0)\nYou may need an appropriate loader to handle this file type, currently no loaders are configured to process this file. See https://webpack.js.org/concepts#loaders\n(Source code omitted for this binary file)"],"namedChunkGroups":{"app":{"chunks":[12,11,3],"assets":["webpack-runtime-8aec082aff3bf97d8f15.js","webpack-runtime-8aec082aff3bf97d8f15.js.map","framework-59a9ef51c55d9b62f7de.js","framework-59a9ef51c55d9b62f7de.js.map","app-11d9322731303892ac6d.js","app-11d9322731303892ac6d.js.map"],"children":{},"childAssets":{}},"component---src-pages-404-js":{"chunks":[0,1,4],"assets":["styles.fede793815edad449d9a.css","styles-9b6f388623a2ec93d35f.js","styles-9b6f388623a2ec93d35f.js.map","7eb42e2844dd1bc03ea54ab25f117ade23aa4ee7-336dd54623686788dbdb.js","7eb42e2844dd1bc03ea54ab25f117ade23aa4ee7-336dd54623686788dbdb.js.map","component---src-pages-404-js-dbfb7a160fef991e88a8.js","component---src-pages-404-js-dbfb7a160fef991e88a8.js.map"],"children":{},"childAssets":{}},"component---src-pages-about-index-js":{"chunks":[0,1,2,5],"assets":["styles.fede793815edad449d9a.css","styles-9b6f388623a2ec93d35f.js","styles-9b6f388623a2ec93d35f.js.map","7eb42e2844dd1bc03ea54ab25f117ade23aa4ee7-336dd54623686788dbdb.js","7eb42e2844dd1bc03ea54ab25f117ade23aa4ee7-336dd54623686788dbdb.js.map","accdecf2530c3a18791b4e9d7f8f0aebc072687c-a43c504374e32a546aa7.js","accdecf2530c3a18791b4e9d7f8f0aebc072687c-a43c504374e32a546aa7.js.map","component---src-pages-about-index-js-47615cbc4d2dced00639.js","component---src-pages-about-index-js-47615cbc4d2dced00639.js.map"],"children":{},"childAssets":{}},"component---src-pages-case-studies-index-js":{"chunks":[0,1,6],"assets":["styles.fede793815edad449d9a.css","styles-9b6f388623a2ec93d35f.js","styles-9b6f388623a2ec93d35f.js.map","7eb42e2844dd1bc03ea54ab25f117ade23aa4ee7-336dd54623686788dbdb.js","7eb42e2844dd1bc03ea54ab25f117ade23aa4ee7-336dd54623686788dbdb.js.map","component---src-pages-case-studies-index-js-6a6ca91a202bee1c524d.js","component---src-pages-case-studies-index-js-6a6ca91a202bee1c524d.js.map"],"children":{},"childAssets":{}},"component---src-pages-contact-index-js":{"chunks":[0,1,7],"assets":["styles.fede793815edad449d9a.css","styles-9b6f388623a2ec93d35f.js","styles-9b6f388623a2ec93d35f.js.map","7eb42e2844dd1bc03ea54ab25f117ade23aa4ee7-336dd54623686788dbdb.js","7eb42e2844dd1bc03ea54ab25f117ade23aa4ee7-336dd54623686788dbdb.js.map","component---src-pages-contact-index-js-b59f45d2016473fb8b41.js","component---src-pages-contact-index-js-b59f45d2016473fb8b41.js.map"],"children":{},"childAssets":{}},"component---src-pages-index-js":{"chunks":[0,1,2,8],"assets":["styles.fede793815edad449d9a.css","styles-9b6f388623a2ec93d35f.js","styles-9b6f388623a2ec93d35f.js.map","7eb42e2844dd1bc03ea54ab25f117ade23aa4ee7-336dd54623686788dbdb.js","7eb42e2844dd1bc03ea54ab25f117ade23aa4ee7-336dd54623686788dbdb.js.map","accdecf2530c3a18791b4e9d7f8f0aebc072687c-a43c504374e32a546aa7.js","accdecf2530c3a18791b4e9d7f8f0aebc072687c-a43c504374e32a546aa7.js.map","component---src-pages-index-js-e8603831ae96d8f83e30.js","component---src-pages-index-js-e8603831ae96d8f83e30.js.map"],"children":{},"childAssets":{}},"component---src-pages-news-index-js":{"chunks":[0,1,9],"assets":["styles.fede793815edad449d9a.css","styles-9b6f388623a2ec93d35f.js","styles-9b6f388623a2ec93d35f.js.map","7eb42e2844dd1bc03ea54ab25f117ade23aa4ee7-336dd54623686788dbdb.js","7eb42e2844dd1bc03ea54ab25f117ade23aa4ee7-336dd54623686788dbdb.js.map","component---src-pages-news-index-js-bc37034fbe4100b4b6a0.js","component---src-pages-news-index-js-bc37034fbe4100b4b6a0.js.map"],"children":{},"childAssets":{}},"component---src-pages-privacy-index-js":{"chunks":[0,10],"assets":["styles.fede793815edad449d9a.css","styles-9b6f388623a2ec93d35f.js","styles-9b6f388623a2ec93d35f.js.map","component---src-pages-privacy-index-js-e5f8972735764531ebf4.js","component---src-pages-privacy-index-js-e5f8972735764531ebf4.js.map"],"children":{},"childAssets":{}}},"assetsByChunkName":{"app":["webpack-runtime-8aec082aff3bf97d8f15.js","framework-59a9ef51c55d9b62f7de.js","app-11d9322731303892ac6d.js"],"component---src-pages-404-js":["styles.fede793815edad449d9a.css","styles-9b6f388623a2ec93d35f.js","7eb42e2844dd1bc03ea54ab25f117ade23aa4ee7-336dd54623686788dbdb.js","component---src-pages-404-js-dbfb7a160fef991e88a8.js"],"component---src-pages-about-index-js":["styles.fede793815edad449d9a.css","styles-9b6f388623a2ec93d35f.js","7eb42e2844dd1bc03ea54ab25f117ade23aa4ee7-336dd54623686788dbdb.js","accdecf2530c3a18791b4e9d7f8f0aebc072687c-a43c504374e32a546aa7.js","component---src-pages-about-index-js-47615cbc4d2dced00639.js"],"component---src-pages-case-studies-index-js":["styles.fede793815edad449d9a.css","styles-9b6f388623a2ec93d35f.js","7eb42e2844dd1bc03ea54ab25f117ade23aa4ee7-336dd54623686788dbdb.js","component---src-pages-case-studies-index-js-6a6ca91a202bee1c524d.js"],"component---src-pages-contact-index-js":["styles.fede793815edad449d9a.css","styles-9b6f388623a2ec93d35f.js","7eb42e2844dd1bc03ea54ab25f117ade23aa4ee7-336dd54623686788dbdb.js","component---src-pages-contact-index-js-b59f45d2016473fb8b41.js"],"component---src-pages-index-js":["styles.fede793815edad449d9a.css","styles-9b6f388623a2ec93d35f.js","7eb42e2844dd1bc03ea54ab25f117ade23aa4ee7-336dd54623686788dbdb.js","accdecf2530c3a18791b4e9d7f8f0aebc072687c-a43c504374e32a546aa7.js","component---src-pages-index-js-e8603831ae96d8f83e30.js"],"component---src-pages-news-index-js":["styles.fede793815edad449d9a.css","styles-9b6f388623a2ec93d35f.js","7eb42e2844dd1bc03ea54ab25f117ade23aa4ee7-336dd54623686788dbdb.js","component---src-pages-news-index-js-bc37034fbe4100b4b6a0.js"],"component---src-pages-privacy-index-js":["styles.fede793815edad449d9a.css","styles-9b6f388623a2ec93d35f.js","component---src-pages-privacy-index-js-e5f8972735764531ebf4.js"]}}