{"data":{"site":{"siteMetadata":{"menuLinks":[{"name":"Home","link":"/","dropdown":true,"dropdownLinks":[{"name":"For patients and the public","link":"/#patients"},{"name":"For healthcare professionals","link":"/#HCPs"},{"name":"For industry","link":"/#industry"}]},{"name":"About","link":"/about","dropdown":true,"dropdownLinks":[{"name":"Our story","link":"/about#our-story"},{"name":"Meet the team","link":"/about#team"}]},{"name":"News","link":"/news","dropdown":false,"dropdownLinks":null},{"name":"Contact","link":"/contact","dropdown":false,"dropdownLinks":null}]}}}}